{"train/prob_real_tokens":0.9993777777777778,"_wandb":{"runtime":17086},"train/ttt/delta_norm":3.836451173762854e-08,"train/avg_wps":5282.926661014407,"train/wps":5294.578767301685,"train/percent_done":100,"_runtime":17086.997053299,"train/loss":3.7285876274108887,"_step":2000,"train/ttt/param_norm":13.150580324227258,"train/peak_allocated_mem":38.908626556396484,"train/allocated_mem":18.747078895568848,"train/ttt/relative_change_pct":2.9173246192755286e-07,"train/lr":1.6e-11,"train/eta_in_seconds":0,"train/ttt/param_count":6,"_timestamp":1.7630936311139188e+09,"train/ttt/grad_norm":0.9999996835320704}